figure,panel,series,dataset,role,replication,metric_key,transformation,value
moving_mnist_paired_comparisons,S1-S0,paired difference,moving_mnist,S1-S0,1,physical_forecast_energy_score,"S1 minus reference, matched training replication",-0.7256714315178363
moving_mnist_paired_comparisons,S1-S0,paired difference,moving_mnist,S1-S0,2,physical_forecast_energy_score,"S1 minus reference, matched training replication",-0.9515475341453248
moving_mnist_paired_comparisons,S1-S0,paired difference,moving_mnist,S1-S0,3,physical_forecast_energy_score,"S1 minus reference, matched training replication",-0.9672966996354296
moving_mnist_paired_comparisons,S1-S0,paired difference,moving_mnist,S1-S0,4,physical_forecast_energy_score,"S1 minus reference, matched training replication",-0.952679929022465
moving_mnist_paired_comparisons,S1-S0,paired difference,moving_mnist,S1-S0,5,physical_forecast_energy_score,"S1 minus reference, matched training replication",-1.0182902759837151
moving_mnist_paired_comparisons,S1-S0,mean difference,moving_mnist,S1-S0,,physical_forecast_energy_score,"paired t, df=4, individual 95% interval",-0.9230971740609542
moving_mnist_paired_comparisons,S1-S0,interval lower,moving_mnist,S1-S0,,physical_forecast_energy_score,"paired t, df=4, individual 95% interval",-1.064228020305518
moving_mnist_paired_comparisons,S1-S0,interval upper,moving_mnist,S1-S0,,physical_forecast_energy_score,"paired t, df=4, individual 95% interval",-0.7819663278163903
moving_mnist_paired_comparisons,S1-R1,paired difference,moving_mnist,S1-R1,1,physical_forecast_energy_score,"S1 minus reference, matched training replication",0.24720922537201984
moving_mnist_paired_comparisons,S1-R1,paired difference,moving_mnist,S1-R1,2,physical_forecast_energy_score,"S1 minus reference, matched training replication",-0.22439713264754046
moving_mnist_paired_comparisons,S1-R1,paired difference,moving_mnist,S1-R1,3,physical_forecast_energy_score,"S1 minus reference, matched training replication",-0.017992314749969762
moving_mnist_paired_comparisons,S1-R1,paired difference,moving_mnist,S1-R1,4,physical_forecast_energy_score,"S1 minus reference, matched training replication",-0.18568162080300765
moving_mnist_paired_comparisons,S1-R1,paired difference,moving_mnist,S1-R1,5,physical_forecast_energy_score,"S1 minus reference, matched training replication",-0.19406882360770605
moving_mnist_paired_comparisons,S1-R1,mean difference,moving_mnist,S1-R1,,physical_forecast_energy_score,"paired t, df=4, individual 95% interval",-0.07498613328724082
moving_mnist_paired_comparisons,S1-R1,interval lower,moving_mnist,S1-R1,,physical_forecast_energy_score,"paired t, df=4, individual 95% interval",-0.320050448333319
moving_mnist_paired_comparisons,S1-R1,interval upper,moving_mnist,S1-R1,,physical_forecast_energy_score,"paired t, df=4, individual 95% interval",0.17007818175883738
